Bus ID,Bus Number,Route,Driver Name,Driver Phone
1,BUS839,Route 3: Yeshwanthpur - Electronic City,Katie Rodriguez,+1-526-699-4897x632
2,BUS291,Route 14: HAL Airport Road - Vidhana Soudha,Charles Bush,+1-561-609-6229x2022
3,BUS324,Route 8: HSR Layout - Kempegowda,Jacob Cooper,854-241-9041x212
4,BUS120,Route 14: HAL Airport Road - Vidhana Soudha,Andrea Sims,586.359.3945x252
5,BUS836,Route 15: Mysore Road - Kengeri,Donna Norris,(605)458-0917x264
6,BUS128,Route 17: Yelahanka - Devanahalli,Michael Velazquez,+1-915-676-6716x3567
7,BUS710,Route 5: Banaswadi - Malleswaram,Rebecca Franklin,001-765-789-9870
8,BUS163,Route 18: KR Market - VV Puram,James Powell,960-292-7573x767
9,BUS580,Route 1: Majestic - Whitefield,Mrs. Stephanie Cannon,3469941974
10,BUS125,Route 15: Mysore Road - Kengeri,Timothy Carter,(284)371-3252
11,BUS430,Route 1: Majestic - Whitefield,Duane Russo,+1-462-893-6261x886
12,BUS807,Route 18: KR Market - VV Puram,Kristopher Davis,701.886.8204x78272
13,BUS154,Route 20: Hennur - Chikkajala,Vanessa Perez,281-744-0097
14,BUS542,Route 16: Jalahalli - Rajajinagar,Jessica Medina,923-768-9872
15,BUS128,Route 6: Jayanagar - MG Road,Michael Raymond,001-249-847-8825x21540
16,BUS998,Route 9: Kothanur - RT Nagar,Briana Morales,212.965.7488
17,BUS333,Route 18: KR Market - VV Puram,Michael Fritz,432.869.6409
18,BUS200,Route 1: Majestic - Whitefield,Steven Campbell,001-259-994-8609x51581
19,BUS145,Route 1: Majestic - Whitefield,Brandon Wilson,930-686-2887x9650
20,BUS326,Route 7: Shivajinagar - Hebbal,Joshua Price,800-760-8170x5335
21,BUS638,Route 11: Marathahalli - Sarjapur,Andrew Ramos,001-277-460-7697
22,BUS144,Route 17: Yelahanka - Devanahalli,Edward Allison,(906)525-3768x43847
23,BUS707,Route 18: KR Market - VV Puram,Mark Prince,+1-504-689-9889x660
24,BUS432,Route 4: Indiranagar - Kormangala,Miguel George,+1-818-550-2990x39247
25,BUS847,Route 4: Indiranagar - Kormangala,Danielle Burns,-1245
26,BUS700,Route 14: HAL Airport Road - Vidhana Soudha,Mrs. Ashlee Parsons,(787)357-2011
27,BUS110,Route 2: Koramangala - Banashankari,Tanya Wong,311.659.7496x206
28,BUS219,Route 16: Jalahalli - Rajajinagar,Sarah Brewer,717-507-7341
29,BUS730,Route 20: Hennur - Chikkajala,Shannon Ross,(391)252-0000x11691
30,BUS369,Route 15: Mysore Road - Kengeri,Sandra Peterson,001-327-833-0040x174
31,BUS961,Route 6: Jayanagar - MG Road,Joseph Guzman,901.591.2108x67889
32,BUS444,Route 18: KR Market - VV Puram,Danielle Reese,(784)305-8597
33,BUS632,Route 15: Mysore Road - Kengeri,Mr. John Kane,658.271.1144x6580
34,BUS420,Route 7: Shivajinagar - Hebbal,Jill Orozco,(471)474-8578
35,BUS275,Route 1: Majestic - Whitefield,Brenda Kelley,(711)669-0202x21147
36,BUS449,Route 7: Shivajinagar - Hebbal,Candace Stevens,-8062
37,BUS335,Route 5: Banaswadi - Malleswaram,Renee Thompson,(941)409-7201
38,BUS750,Route 12: BTM Layout - Lalbagh,Sharon Rodriguez,+1-844-265-4985x8258
39,BUS621,Route 12: BTM Layout - Lalbagh,April Powell,7574377578
40,BUS341,Route 1: Majestic - Whitefield,Michael Koch,462-773-3582x388
41,BUS640,Route 12: BTM Layout - Lalbagh,Brad Reyes,283-652-8734x3148
42,BUS410,Route 1: Majestic - Whitefield,Jennifer Roach,386.368.8139x96570
43,BUS697,Route 1: Majestic - Whitefield,Tammy Walter,570.354.3878x8797
44,BUS476,Route 19: Malleshwaram - Nandini Layout,Lauren Moore,+1-803-261-4300x4908
45,BUS287,Route 18: KR Market - VV Puram,Sarah Morales,(489)317-2690x2105
46,BUS845,Route 14: HAL Airport Road - Vidhana Soudha,Julie Anderson,274-676-7278x9093
47,BUS845,Route 10: Basavanagudi - KR Puram,Randall Lee II,+1-320-455-8056x0978
48,BUS332,Route 15: Mysore Road - Kengeri,Kristin Holmes,(465)846-3066x17961
49,BUS611,Route 16: Jalahalli - Rajajinagar,Alejandra Espinoza,776.961.5692
50,BUS869,Route 11: Marathahalli - Sarjapur,Anne Mckee,+1-336-222-7135x2395
