Student ID,First Name,Last Name,Email,Phone,Department ID,Enrollment Date
1,Veronica,Taylor,jenny96@example.net,753-584-4236x406,4,2022-11-15
2,Allen,Baker,hannahgomez@example.net,879.995.7598x829,2,2022-08-31
3,Mary,Garza,olivia96@example.net,483-418-1300x3208,4,2023-04-18
4,Brian,Williams,vharris@example.com,681.792.8096,1,2022-07-11
5,Shannon,Hensley,blee@example.org,682.895.4464x14292,4,2022-05-19
6,Julie,Ball,dominguezwilliam@example.org,+1-848-923-8295,1,2022-03-07
7,Randy,Johnson,simpsoncathy@example.org,913-353-0699x042,4,2022-08-25
8,Kathryn,Jones,williamsnicholas@example.org,(457)329-2596x4121,2,2022-01-27
9,Justin,Hendricks,bobbysummers@example.org,(939)404-7114,2,2024-03-02
10,Stacy,Moore,richardjordan@example.org,9129675723,1,2021-03-17
11,Steven,Jackson,jessica30@example.net,9585700772,3,2022-05-12
12,Chad,Duncan,erinnorris@example.org,+1-405-592-9979x27342,2,2023-04-15
13,Katrina,Herman,yolanda38@example.com,(912)594-6585x08251,3,2023-09-29
14,Mark,Snyder,amandaferguson@example.org,606.910.7453,3,2022-05-05
15,Keith,Le,valerie74@example.org,288-280-4416,1,2021-09-21
16,Michele,Perez,lschneider@example.com,270-325-6470x094,4,2023-01-15
17,Katie,Sparks,robertlopez@example.org,666-357-1703x647,1,2024-09-25
18,Jonathan,Kaufman,maryjames@example.org,745.396.2396,4,2021-10-06
19,Dana,Smith,ramirezcarmen@example.com,463.403.2868x111,4,2023-03-16
20,Cynthia,Chapman,jennifer93@example.org,001-821-576-3791x268,1,2024-03-05
21,Benjamin,Davis,sharon24@example.net,001-438-966-1921,3,2024-09-08
22,Michael,Black,kingkimberly@example.net,580-413-3092x064,2,2021-08-08
23,Wanda,Pugh,rkoch@example.org,+1-941-407-7164x588,2,2022-11-14
24,Gregory,Thompson,bradymanuel@example.org,667.740.1333,1,2024-01-13
25,Sarah,Lopez,grahamgrace@example.org,(237)293-0653x743,4,2024-08-26
26,Dylan,Hansen,campbelldenise@example.org,(206)738-2675x0506,1,2023-01-14
27,Kara,Floyd,sgibson@example.com,(847)676-5705,2,2024-04-28
28,David,Morris,mark90@example.org,001-763-581-9170,1,2022-06-04
29,Lydia,Hall,nicholascrosby@example.net,+1-901-970-4549,1,2024-10-03
30,Jason,Juarez,millerrobert@example.org,+1-617-457-7105x851,2,2021-04-03
31,Christine,Scott,davidporter@example.org,+1-656-550-7777x1719,3,2024-05-15
32,Jay,Huerta,elizabethsmith@example.com,001-976-328-0670x732,2,2022-09-01
33,Brian,Huang,williamselizabeth@example.com,001-264-427-0333,1,2022-08-12
34,Vanessa,Taylor,victoriagraham@example.org,3416602673,4,2021-11-04
35,Darrell,Taylor,smithmichael@example.com,392-330-0783,2,2024-05-24
36,Brenda,Morris,marshandrew@example.net,(342)423-8036,4,2021-10-19
37,Lucas,Owens,kbanks@example.com,+1-669-742-2257x8496,2,2022-05-30
38,Lindsey,Orozco,frenchjulie@example.com,001-966-858-4884x09680,1,2021-06-18
39,Michelle,Levine,martinjason@example.net,(727)771-4496x857,4,2022-05-21
40,Johnny,Ross,aliciabaker@example.com,(585)718-9636,2,2023-06-16
41,Jacqueline,Smith,jeffrey93@example.com,(377)500-1458,4,2023-10-28
42,Cynthia,Johnson,williamrowe@example.org,594-365-0791x5479,2,2021-12-15
43,Paul,Pittman,david59@example.net,001-309-435-1174x523,3,2021-11-28
44,Sarah,Reed,crystalhanson@example.net,301.921.8155,1,2024-04-02
45,Tim,Galloway,kevin97@example.com,001-903-516-7207x52728,4,2022-06-27
46,Christopher,Bailey,acarr@example.com,462-603-7704x39273,2,2024-09-19
47,Jesse,Stone,davidgonzalez@example.org,001-772-366-3769,4,2021-03-29
48,Sean,Roberts,martinhaynes@example.net,7026014479,1,2021-03-06
49,Taylor,Wallace,traviswang@example.net,001-476-571-3697x74226,4,2023-03-03
50,Ronald,Ruiz,schwartzsean@example.org,(339)921-7849,2,2024-04-01
51,Anthony,Castro,towens@example.org,430-243-9261x691,2,2024-05-11
52,Harold,Hall,cordovajohn@example.com,(409)931-0418,4,2023-10-23
53,Edward,Case,christine12@example.com,6334304010,2,2021-11-27
54,Kendra,Khan,donald60@example.com,397-291-5967,3,2024-05-27
55,Jasmine,Wright,ndecker@example.net,+1-918-968-9182x8817,1,2021-11-02
56,Bruce,Jordan,brenda43@example.com,679-298-4159x32343,4,2023-05-10
57,Amy,Pham,sgonzalez@example.com,359.955.2664x2642,3,2023-12-06
58,Ryan,Martinez,bponce@example.org,695.785.5162x0498,3,2023-10-16
59,Michele,West,croberts@example.org,306-607-1471,4,2023-01-12
60,Elizabeth,Oconnor,mrodriguez@example.com,213-694-1838,3,2022-01-22
61,Monica,Miller,jeffrey06@example.net,001-982-310-9710,4,2024-05-05
62,Alexander,Mills,tanyawong@example.net,317-873-6139,4,2021-09-08
63,Samuel,Wells,timothycollins@example.org,403-431-1003,3,2021-02-18
64,Joseph,Grant,julianfarley@example.com,530.393.7929x9185,1,2021-10-29
65,Kelly,Reyes,orobertson@example.org,001-762-651-6420x673,1,2024-03-22
66,Sheila,Mendoza,nstone@example.com,9593164382,4,2024-02-09
67,Sue,Jones,kelly09@example.org,456.529.6951x362,4,2023-03-12
68,Brian,Walker,jonathanlarson@example.org,+1-489-630-6118,3,2022-10-21
69,Pamela,Martinez,hunter22@example.net,849.684.4081x30241,1,2022-02-23
70,Karen,Clark,heather69@example.com,+1-580-975-4751x638,3,2022-05-20
71,Edward,Medina,patrickday@example.net,+1-220-732-4670,1,2023-03-12
72,Donald,Smith,hansenchristopher@example.org,911.369.9541x0888,1,2024-07-10
73,Thomas,Murphy,lwatson@example.com,001-555-994-7910x693,2,2023-02-18
74,Edwin,Elliott,mmacias@example.org,001-247-369-4045,2,2021-05-29
75,Megan,Blair,laura86@example.com,570.300.7568x32650,2,2021-09-11
76,Alexandria,Lester,jillianfernandez@example.org,803.666.9292,1,2021-08-28
77,Christopher,Wagner,nolanveronica@example.org,+1-589-642-6152x9889,3,2023-10-16
78,Aaron,Shaw,brittany54@example.com,507.683.9401x954,4,2024-10-25
79,Douglas,Lutz,jennifer79@example.net,001-781-641-6907x95970,4,2023-03-11
80,Hayden,Gonzalez,ldougherty@example.com,(561)679-7382x817,3,2022-02-14
81,Kenneth,Greer,pettychristopher@example.com,(603)676-7215x335,4,2024-11-03
82,Shannon,Nelson,hallgary@example.com,685.563.6911x278,1,2022-11-25
83,Kimberly,Schmidt,berryallen@example.net,310-211-7634x611,2,2023-02-13
84,Antonio,Kelley,prestonpetersen@example.com,313.698.0538,1,2024-12-25
85,Brenda,Hale,jamesvillanueva@example.org,(352)883-8291,4,2023-12-15
86,Pamela,Reed,gilltaylor@example.net,(934)337-9702,2,2023-09-09
87,James,Cooper,zhughes@example.net,+1-452-475-1458x19758,3,2023-12-31
88,Leslie,Robinson,jerry77@example.org,870.458.7330,3,2024-09-23
89,William,Carroll,elizabeth56@example.org,513.849.6316,3,2024-04-09
90,Patrick,Gomez,thomas18@example.org,7768064954,4,2023-12-24
91,Sandra,Stephenson,rebecca08@example.org,347.451.3258,3,2021-04-14
92,Shawn,Cruz,jessicamitchell@example.com,+1-659-617-9920x7754,1,2023-06-08
93,Joseph,Willis,prichards@example.org,001-793-701-6175x9163,3,2023-12-01
94,Holly,Smith,adrianhughes@example.net,(577)268-4249x11602,3,2025-01-29
95,Jasmine,Bell,robertmathews@example.net,(508)822-2580,3,2021-12-05
96,Jessica,Phelps,judith61@example.net,(613)812-4148x5762,4,2021-05-19
97,Jeremy,Mccoy,hughesjohn@example.com,(925)586-1860x295,2,2022-05-23
98,Sherri,Henderson,ayalaamanda@example.org,762.314.4925,3,2022-02-04
99,Daniel,Pierce,krista55@example.net,+1-918-920-3709x92967,1,2021-11-02
100,Ariel,Wallace,changkatherine@example.org,+1-907-612-9114x4246,2,2021-07-07
101,Jennifer,Russell,omorris@example.com,001-991-821-3238x9460,4,2021-05-21
102,Gina,Villegas,craig91@example.com,8298844143,3,2024-09-10
103,Sharon,Johnson,valerieharris@example.net,791-791-6917,2,2023-09-13
104,Cody,Sanchez,briannahall@example.net,512.723.3791x473,3,2024-10-01
105,John,Patterson,markherrera@example.com,(953)657-8665,2,2023-05-23
106,Edward,Berry,timothyrivera@example.org,2502078780,3,2022-01-10
107,Sophia,Francis,ian92@example.org,665.469.6478x9774,2,2024-10-13
108,Misty,Jenkins,owenscynthia@example.org,3849049854,4,2023-07-30
109,Steve,Logan,duncankimberly@example.org,(629)724-0565,3,2022-06-11
110,Olivia,Holloway,anna03@example.net,(914)377-7985x320,2,2022-05-31
111,Jacqueline,Boyd,gloria88@example.net,448.645.5316,3,2021-08-03
112,Sarah,Kelly,zwolfe@example.net,989-780-9618x256,3,2024-04-08
113,Maria,Thompson,bradleyjeremy@example.com,(438)394-2190x7052,4,2021-12-07
114,Briana,Suarez,cathy82@example.org,509.462.7852x8121,1,2022-03-09
115,James,Alexander,jason10@example.com,+1-285-381-5041,1,2023-01-30
116,Carlos,Mcguire,qstevenson@example.org,7343877957,2,2023-12-12
117,Sharon,Mitchell,mcneildonald@example.com,(348)659-1228,3,2021-10-16
118,Anthony,Carter,adamsamy@example.org,+1-504-860-6239,3,2024-05-27
119,Abigail,Sampson,mosleytheresa@example.net,+1-990-453-4614,3,2022-10-11
120,Emily,Alexander,maria57@example.org,9368060166,2,2021-06-29
121,Gary,Singh,callahanronald@example.org,(869)639-9899x05216,2,2022-01-05
122,Angela,Vazquez,smithphillip@example.net,589-512-1928,1,2022-09-30
123,Jesus,Wilson,jenkinschristine@example.org,001-921-862-8071x27941,1,2021-12-20
124,Miguel,Snyder,edward52@example.org,721-413-2868x262,1,2024-07-17
125,James,Vasquez,kgreene@example.net,9498779529,2,2023-04-14
126,Kelly,Stevens,wallamanda@example.com,+1-506-260-8601x940,3,2021-10-20
127,Patricia,Weiss,perezkenneth@example.org,001-341-904-0189x47129,1,2021-10-15
128,Scott,Marquez,wrightmary@example.com,+1-259-249-8013,2,2024-02-15
129,Debra,Ross,mistystevens@example.net,772.341.7539x504,3,2023-11-15
130,Lauren,Smith,brownjamie@example.net,715-410-5187,4,2022-09-11
131,Mike,Norris,vgarner@example.net,9076179798,4,2021-09-21
132,Dan,Scott,cheyennecaldwell@example.org,001-963-510-7558x700,4,2021-02-01
133,Perry,Green,shawn85@example.com,001-691-388-3438x2275,3,2024-03-28
134,Caitlyn,Castro,sturner@example.com,5385055304,2,2023-08-19
135,Anna,Hernandez,daviscarrie@example.org,+1-473-364-7791,4,2024-10-12
136,Leonard,Harrison,lancemurphy@example.net,(456)804-9538x7690,1,2022-03-10
137,Monica,Stevens,michaelroth@example.org,(285)426-0517x6654,1,2022-03-15
138,Stephanie,Watkins,rodney45@example.org,(775)707-8735,1,2021-10-09
139,Lori,Boyle,robertreeves@example.net,2827199177,2,2022-08-29
140,Jonathan,Edwards,ohanson@example.com,3194177750,1,2021-03-19
141,Brittany,Nelson,briannajones@example.net,832-660-5308x725,3,2022-02-05
142,Cameron,Smith,peterszachary@example.net,201.302.3580,1,2022-11-11
143,Michael,Vazquez,amorrow@example.com,(259)983-1370x907,3,2021-07-02
144,Peter,Anderson,joshuariley@example.com,001-896-847-4613x48375,3,2021-09-18
145,Craig,Wilkerson,kevin65@example.net,001-365-717-0654x276,4,2022-01-19
146,Patrick,Bryant,mercadolaura@example.org,(794)767-7824x541,1,2021-02-12
147,Jason,Taylor,lnixon@example.com,766.812.0933,1,2024-02-11
148,Timothy,Moss,marilyn81@example.net,001-545-511-8856x433,3,2022-06-20
149,Kristin,Contreras,vshannon@example.org,200-407-6588,3,2021-03-26
150,Kevin,Fowler,gturner@example.net,(547)573-5861x93290,1,2024-02-02
151,Linda,Levine,coryrodgers@example.org,+1-271-873-7835x8837,3,2025-01-07
152,Morgan,Dixon,shampton@example.org,+1-571-920-2144x20161,2,2021-07-14
153,Susan,Calhoun,allison91@example.com,903-747-1955x145,4,2021-12-03
154,Ronnie,Owen,brittany13@example.org,+1-458-348-1293x1172,2,2022-04-20
155,Michael,Martin,bradleyrodriguez@example.net,+1-762-342-9690x86196,2,2024-11-17
156,Kathy,Conrad,erinzavala@example.net,001-602-787-9979,4,2023-10-19
157,Amanda,Martinez,tara50@example.com,830.355.3874,1,2022-05-05
158,Mary,Roy,sophiagonzalez@example.net,3867449436,3,2022-03-24
159,Brian,Thomas,ktaylor@example.net,354-353-2775x13470,4,2021-08-26
160,Ethan,Drake,trujillowilliam@example.com,768-371-1350x800,4,2022-09-10
161,Isaiah,Miller,klynch@example.org,7005214150,1,2024-06-17
162,Amanda,Cohen,alvarezchristopher@example.org,(402)400-4337x419,1,2023-04-10
163,Jose,Anderson,qschroeder@example.com,981.904.6442x27636,3,2021-12-28
164,Christina,Ramos,melissa46@example.com,273.260.5725,2,2024-07-08
165,Brittany,Maldonado,jordanrandy@example.net,7305315627,3,2022-08-16
166,Benjamin,Arellano,jennifertaylor@example.net,+1-931-209-8962x0293,1,2024-05-05
167,Jimmy,Watson,evasquez@example.org,001-600-683-9105,1,2024-03-09
168,Christopher,Price,debrastewart@example.net,521.713.9981,1,2021-07-02
169,Taylor,Gardner,tuckertommy@example.org,228-311-4708x8804,3,2023-01-08
170,Tina,Jones,samuel60@example.org,+1-729-482-7329x601,3,2024-03-10
171,Darren,Martinez,jill81@example.org,419-468-5271,2,2023-12-27
172,Justin,Hayes,jarvisjessica@example.net,(650)516-9343,4,2023-11-25
173,Dana,Calderon,amber24@example.org,(646)620-9334,4,2022-12-02
174,Andrew,Adams,poncedennis@example.org,001-771-815-3648x92636,2,2025-01-17
175,Vanessa,Mcgee,frazieralyssa@example.org,734-489-0096x6691,4,2024-05-03
176,Anne,Fletcher,msmith@example.org,261-571-3943x7715,1,2024-02-10
177,Lisa,Roberts,nmurphy@example.org,581-369-4831,3,2022-03-03
178,Robert,Giles,alexwood@example.net,346.396.7987x4791,3,2021-06-29
179,Matthew,Alvarez,odonnelllaura@example.net,+1-443-873-2071x07830,2,2022-04-21
180,William,Sanchez,april93@example.net,+1-774-610-3229x1771,1,2023-12-19
181,Robert,Allen,christina54@example.org,001-688-934-5333x358,3,2021-09-25
182,Larry,Smith,yclayton@example.net,+1-208-284-5813x745,4,2024-03-22
183,Kristin,Love,johnsonbenjamin@example.net,423-612-5551,3,2024-03-30
184,Nicholas,Miller,thomas57@example.com,(323)324-0486x1357,2,2023-12-04
185,Zoe,Peters,bennettjoseph@example.org,958.381.9641,3,2024-03-18
186,Thomas,Carroll,haasrachel@example.com,+1-950-417-9914x98987,3,2021-04-15
187,Dawn,Davidson,ericortega@example.org,604.937.6020,4,2021-12-13
188,Robert,Avery,williammay@example.com,689.394.8455x475,4,2022-06-21
189,Crystal,Ingram,julie82@example.com,782-519-5672x047,4,2023-04-14
190,Joseph,Mueller,charlotte26@example.org,(441)463-4829,1,2022-02-27
191,Eric,Bailey,susanford@example.com,412.411.8402x710,2,2023-07-27
192,Ruth,Chavez,williamsanchez@example.org,+1-985-361-0872x3320,2,2022-04-12
193,Angela,Vazquez,matthewford@example.com,777.695.2603,2,2023-05-22
194,Raymond,Wells,lallen@example.org,001-982-874-3501,2,2024-07-24
195,Daniel,White,iwalker@example.com,747-709-6071,4,2021-04-24
196,Andrew,Sanchez,cbernard@example.org,552-473-7435,3,2023-10-04
197,Jennifer,Warren,xbenjamin@example.net,6098801286,2,2021-06-26
198,Deborah,Garner,morenokim@example.org,727.598.0129x0517,2,2021-05-29
199,Amanda,Nichols,jthomas@example.net,631.659.7699x43036,2,2022-11-05
200,William,Sanders,robinsonkristie@example.net,3196899371,1,2021-05-20
201,Samantha,Gates,delgadochristina@example.net,4885720737,1,2023-04-02
202,Tara,Cooper,lisa87@example.com,606-725-0396x5311,1,2021-03-31
203,Jody,Burke,norma30@example.net,898.945.9612x20178,2,2023-10-28
204,Mark,Smith,alvaradoeric@example.org,001-588-266-0244x30608,3,2021-07-22
205,William,Vasquez,kyleroberson@example.com,381.813.9378x037,2,2021-04-30
206,Jonathan,Cabrera,dorothycollins@example.org,(966)823-6584x6347,1,2023-03-27
207,Jessica,Gutierrez,michael98@example.net,+1-898-674-0310x9898,2,2024-11-25
208,John,Williams,ufisher@example.net,995-431-3000x37309,4,2023-06-14
209,Jennifer,Riley,danielferguson@example.com,328-983-8054x42616,4,2024-06-03
210,Nicole,King,iortiz@example.com,712-311-9954x37956,2,2023-04-07
211,Cynthia,Bates,gnorton@example.org,7596312732,1,2021-03-15
212,Michael,Stafford,shawn64@example.net,863-438-4982x4702,2,2021-05-04
213,Kenneth,Holland,ealexander@example.org,214-593-1823x171,2,2021-12-29
214,Bryan,George,janet64@example.com,001-352-594-0385,4,2024-03-10
215,Melissa,Shelton,salvarez@example.org,(468)853-6435,3,2021-12-27
216,Kirk,Willis,ballardleslie@example.org,714-826-7105,2,2022-10-19
217,Laura,Williams,taylorchristina@example.com,303-535-8979,2,2023-09-27
218,Melanie,Singleton,randy08@example.org,+1-476-531-4442,1,2022-11-09
219,Kenneth,Stewart,lauren91@example.com,378.659.9296x68302,2,2025-01-28
220,Jeff,Rodriguez,whitekenneth@example.net,893-924-3856x3733,2,2022-10-25
221,Pamela,Kelley,kennethmartinez@example.net,427-653-1768x384,3,2022-09-17
222,Janice,Montgomery,xritter@example.com,001-558-953-0966x1062,3,2023-12-13
223,Sharon,Stewart,graylisa@example.net,300.932.2346x8595,4,2023-09-17
224,Zachary,Watson,ortizmarie@example.com,001-486-465-3011x779,2,2024-10-03
225,George,Wells,cvasquez@example.org,590-646-0853,4,2024-05-17
226,Eric,Schroeder,obrown@example.org,+1-395-736-2354x4071,4,2023-05-18
227,Michelle,English,brucemccarthy@example.com,001-214-474-2589,4,2021-02-04
228,Jason,Carr,sabrinamclaughlin@example.com,+1-303-914-4817,4,2023-02-19
229,Chris,Smith,jacksonadam@example.org,934.389.1554x7506,3,2024-03-15
230,Mark,Montgomery,adamknight@example.com,873.258.6659x374,1,2022-01-27
231,Robin,Perez,xcollins@example.org,(518)272-1374x297,4,2021-05-31
232,Jennifer,Rowland,nsavage@example.com,001-210-682-3853x025,2,2021-03-11
233,Anthony,Williams,dlawrence@example.net,928-583-8642,2,2021-09-04
234,Adrian,Moyer,davidcheyenne@example.com,(413)332-4579,1,2022-05-20
235,Samantha,Myers,zmendez@example.com,339.263.0610x33610,3,2024-09-26
236,Scott,Martinez,stevenlindsey@example.net,903.785.9514,4,2024-10-28
237,Kimberly,Love,shelly73@example.net,001-560-382-1548x45778,3,2024-09-17
238,Candace,Simmons,munoznicole@example.net,001-743-764-3413x240,3,2024-12-27
239,Daniel,Nguyen,dunncalvin@example.net,+1-710-991-3911x3791,2,2023-11-27
240,David,York,xbartlett@example.net,001-930-462-0351x6789,2,2021-06-21
241,Sheila,Martin,jamesbuckley@example.org,+1-235-279-9073x07737,4,2021-05-04
242,Jenna,Morgan,rarnold@example.net,(622)847-5056,3,2021-10-02
243,Mary,Edwards,david69@example.org,001-376-344-1676,2,2023-04-13
244,Michele,Serrano,robert14@example.com,422.687.2529,4,2023-12-27
245,Daniel,Cox,vicki52@example.org,(303)567-0123x287,2,2024-04-21
246,Barbara,Gordon,brewerrobert@example.com,(812)779-3326x2472,4,2024-02-03
247,Amy,Lopez,roberthoward@example.org,454.512.6500x840,1,2022-03-02
248,Lauren,Harris,frances72@example.net,813-691-5542,1,2022-11-04
249,Jose,Harmon,jstanley@example.com,001-637-277-9220x7847,3,2023-05-03
250,Carrie,Ross,edwardsrobert@example.org,892-771-6753x21326,4,2022-11-07
251,Scott,Lopez,pjohnson@example.net,001-607-944-9887x99917,2,2022-10-31
252,Steven,Hutchinson,elizabethsingleton@example.com,630-753-2265,4,2023-12-22
253,Jack,Brown,pmartinez@example.net,+1-351-867-9102x203,1,2021-03-17
254,Martin,Gray,haley71@example.net,550.721.7651x334,4,2022-07-10
255,Christy,Richards,olopez@example.org,(983)851-4227x179,3,2022-07-01
256,Kathy,Riley,diazalyssa@example.net,+1-513-855-8378x767,3,2022-12-02
257,Adrian,Keller,patrick59@example.com,(839)224-2196x00708,4,2021-08-16
258,Sharon,Mcbride,rcruz@example.net,001-515-347-0829x4072,4,2021-05-06
259,Nathaniel,Cortez,jenkinsmelissa@example.com,768.258.9696,2,2023-07-27
260,Susan,Gray,michael79@example.com,632.295.5659x3896,1,2021-08-28
261,Michelle,Rivera,donaldle@example.com,774.589.0185x85556,1,2023-09-14
262,Andrew,Rogers,kevin77@example.net,+1-697-243-0244,2,2024-09-30
263,Alyssa,Moon,ibennett@example.org,+1-462-358-7032x419,1,2024-04-13
264,Kenneth,Gutierrez,jbrown@example.com,800.842.9590,3,2024-10-26
265,Michael,Taylor,timothy83@example.org,887.819.4530,2,2024-03-26
266,Kristin,Townsend,coxlauren@example.com,748-951-0257x8274,2,2024-11-13
267,Tamara,Houston,lambpaul@example.net,(743)429-0468x45673,2,2024-12-29
268,John,Conway,rperry@example.org,743.814.1730,2,2024-12-05
269,Stephen,Summers,arnoldclifford@example.org,837.868.9608,4,2024-07-01
270,Michael,Reynolds,hnewton@example.net,(896)679-6504x054,4,2022-12-26
271,Marcus,Garza,taylorronald@example.net,(985)967-4222x1986,3,2023-06-15
272,Laura,Reese,cookchristopher@example.com,(308)579-6614x1743,2,2022-04-18
273,Krista,Brennan,gamblegary@example.com,+1-701-975-0383x854,4,2025-01-22
274,Michelle,Hernandez,ashley03@example.com,335.907.3652x052,2,2021-12-03
275,William,Davis,jose83@example.org,(219)664-0402,1,2022-04-13
276,Austin,Strickland,janicenichols@example.net,001-961-337-2789x6460,3,2024-09-14
277,Mariah,Wright,cmays@example.org,+1-914-222-3011x433,4,2022-06-27
278,Leslie,Black,sharon89@example.org,852-761-3991x1492,3,2024-02-22
279,Michelle,Smith,brandonrichardson@example.net,+1-320-245-7989,1,2023-11-04
280,Matthew,Peters,ronald99@example.net,001-443-248-6183x02706,2,2021-07-06
281,Dean,Allison,gabrieljones@example.net,+1-861-245-0838x1486,4,2025-01-24
282,Michael,Kennedy,martinezbrian@example.org,9495107285,2,2024-02-18
283,Sheila,Mcdaniel,bballard@example.org,+1-961-616-0810x1844,4,2024-09-14
284,Walter,Anderson,pittsdiana@example.net,(203)745-0032x117,3,2022-09-15
285,Suzanne,Daniel,kirkbrandy@example.org,238.886.0846x359,3,2021-11-26
286,Stephanie,Cohen,johnhudson@example.org,534.601.0361,3,2023-03-27
287,Melissa,Randall,drobles@example.org,(284)610-2060x92839,3,2022-03-05
288,Benjamin,Stephens,joneshenry@example.org,(896)490-6063,3,2021-04-06
289,Samuel,Cooper,smithrobin@example.org,521.769.0405x7906,1,2024-10-24
290,Lauren,Allen,toddweber@example.com,(802)826-2582x0960,3,2023-07-02
291,Jacqueline,Mcguire,gjones@example.com,+1-221-815-3518x75787,2,2022-10-27
292,Melissa,Hobbs,luisfreeman@example.net,814.717.1520,1,2022-10-21
293,Charles,Ross,kristenray@example.org,803-341-3832,3,2022-02-01
294,Jessica,Mcbride,olarsen@example.org,995-594-6071x462,1,2021-07-26
295,Rebecca,Carr,brobbins@example.com,497-266-3047x625,1,2023-05-27
296,Elizabeth,Sanchez,carlaramos@example.org,874-490-5637,2,2021-04-16
297,Crystal,Mitchell,zcox@example.net,(953)738-2643x9166,1,2025-01-03
298,Wanda,Torres,joneschristopher@example.org,601-322-0309x81501,1,2024-12-09
299,Jennifer,Carpenter,kimberly28@example.org,486.763.1952,4,2023-06-16
300,John,Daniel,wagnerjason@example.org,(233)410-5057,1,2023-05-27
301,Amanda,Sims,harrisashley@example.org,2915473438,4,2023-04-13
302,Deborah,Hunt,rosskimberly@example.net,236-296-0677x6099,1,2023-03-25
303,Clarence,Molina,vjackson@example.net,+1-764-293-3871x5016,3,2024-11-28
304,Tracy,Robbins,hollyferguson@example.net,+1-384-671-9838x121,3,2023-12-26
305,Brandon,Campbell,umay@example.net,(656)593-0169x21197,4,2022-01-29
306,Anthony,Webster,gloriahardy@example.net,001-803-311-1920x41109,4,2023-05-23
307,David,Mcmahon,davidnovak@example.org,001-299-966-8303x6722,1,2023-06-27
308,Shane,Nguyen,ugreen@example.com,688.646.9565x2396,4,2024-01-25
309,Jennifer,Gregory,kimberly95@example.net,344-757-0780x97373,2,2022-05-22
310,Donna,Flynn,yorkoscar@example.org,818-737-3741x1184,2,2024-08-09
311,Virginia,Morrison,jenna92@example.net,534-604-2950x2892,2,2024-04-21
312,Steven,Smith,reesenicholas@example.net,+1-778-901-1059,2,2023-08-15
313,Jennifer,Daniels,angela34@example.org,317-313-7462x715,1,2023-09-09
314,Aaron,Henderson,jmendoza@example.org,494.386.9838x144,2,2022-02-26
315,Michele,Jones,qsmith@example.net,964-828-7665x3693,2,2022-10-14
316,Andrew,Leonard,twilson@example.net,297.903.1454,4,2021-04-16
317,Clifford,Rojas,robert04@example.org,(592)464-0481x1727,3,2021-02-27
318,Isabel,Massey,christinaaguirre@example.net,856.554.7527x66516,1,2023-05-16
319,Brandon,Whitehead,gregory67@example.org,599-960-5346,3,2023-09-10
320,Kristin,Watson,steven38@example.net,739-884-7829,2,2021-03-26
321,Michelle,Long,sarah24@example.net,771-747-1619,2,2022-04-06
322,Derek,Roberts,austinhurst@example.net,4224600860,4,2021-04-27
323,David,Mills,angel87@example.com,+1-320-778-1064x098,1,2024-03-15
324,Jodi,Woods,justinsavage@example.net,487.812.0486,1,2023-01-27
325,Nichole,Lewis,ikoch@example.org,697.511.2541x7718,4,2023-11-04
326,Lisa,Thompson,ulopez@example.org,489-556-7836x1129,4,2024-06-13
327,Anthony,Lewis,trivera@example.com,989.327.2398x34901,2,2024-06-24
328,Jasmine,Villa,ffinley@example.com,976.894.7228x56945,1,2022-08-15
329,Luis,Wang,bondandrew@example.net,9574161602,4,2024-12-22
330,Tiffany,Byrd,smithadam@example.net,6284735716,2,2021-03-03
331,Gregory,Andersen,christopher93@example.com,(891)613-4532,1,2023-11-07
332,Amanda,Salas,seanwilliams@example.org,+1-827-419-8501,2,2021-05-18
333,Tyler,Tucker,tranalexis@example.net,001-328-371-6957x6049,1,2024-01-30
334,Philip,Berger,williamsonrenee@example.org,(707)536-5688,3,2021-05-23
335,Kurt,Poole,wharmon@example.org,926-711-9723x5150,1,2022-12-23
336,Laura,Simpson,turnersarah@example.com,(436)689-5109,1,2022-12-14
337,Dana,Perry,steven61@example.com,+1-873-340-4768x798,3,2022-03-01
338,Jodi,Martin,jacquelinemontgomery@example.org,+1-789-343-0854x7258,1,2021-10-11
339,Anthony,Cochran,michelle23@example.org,001-880-213-8533,2,2021-04-30
340,Aaron,Smith,casey13@example.com,(280)761-8030,3,2023-02-11
341,Alexandria,Frank,michaelphillips@example.org,758.407.6490,1,2023-06-25
342,Christopher,Wheeler,tolsen@example.net,590-716-8554,1,2022-11-07
343,Erica,Gonzalez,stacie28@example.com,+1-259-275-5622x950,1,2022-04-21
344,Elizabeth,Roberts,randall31@example.net,(700)510-2764,1,2023-06-12
345,Jack,Tyler,mariah73@example.org,814.243.6767x32051,1,2024-11-20
346,Michelle,White,jessica76@example.com,209.667.3827,4,2024-10-08
347,William,Downs,johnstonadam@example.com,+1-624-293-1123x38548,3,2023-09-05
348,Melissa,Jones,athompson@example.com,001-323-770-6379x871,1,2024-01-17
349,Sierra,Harris,anna22@example.net,001-504-204-9179x2061,4,2024-04-05
350,Andrea,Porter,bwalker@example.net,260-811-6050x553,1,2022-02-20
351,Ryan,White,adrian22@example.net,659-612-4900x227,4,2021-06-02
352,Brian,Williams,sherrychen@example.com,506.218.7538,3,2023-11-06
353,William,Ramirez,juarezjeff@example.net,(938)908-5890,4,2021-12-28
354,William,Dominguez,beckercynthia@example.net,001-897-203-6073,3,2024-01-24
355,Dylan,Johnson,victoranderson@example.net,001-550-836-2464,3,2022-05-29
356,Leslie,Adams,schmidtvictor@example.com,674.838.0001x205,4,2022-05-23
357,Joe,Gibson,mmacias@example.net,(210)795-0665,3,2023-08-20
358,Jeffrey,Carpenter,mcculloughmichele@example.net,+1-879-291-6975x55472,3,2022-12-27
359,Maria,Adkins,joanna02@example.net,554-396-1670,4,2024-07-18
360,Maria,Hall,derekhill@example.net,959-655-3251x392,1,2021-06-07
361,Chelsea,Cooper,michellemoore@example.com,(720)774-6952,3,2022-11-06
362,Rebecca,Delgado,david46@example.org,(478)362-2352x8470,1,2022-12-27
363,Mark,Jackson,taylorfoster@example.com,564.470.3053x295,1,2022-07-16
364,Eric,Ali,lisa82@example.com,+1-587-837-4688x6069,2,2024-09-19
365,Pamela,Spencer,thomasaguilar@example.com,(349)414-0777x051,3,2022-04-30
366,Nathan,Morgan,danielle28@example.com,526-578-3559,4,2025-01-22
367,Kelly,Robinson,fisherkaitlyn@example.net,9786553353,2,2024-04-12
368,Michael,Wade,qwelch@example.net,(810)800-2770x0234,3,2023-08-09
369,Michelle,Preston,wthomas@example.net,001-612-758-0377x82424,4,2023-05-26
370,Teresa,Smith,irogers@example.com,+1-410-420-0067x321,1,2022-06-01
371,Lauren,Hall,cindy22@example.org,001-694-362-7043x697,3,2023-01-06
372,Robert,Frank,qmoore@example.org,693.484.8524,3,2024-12-20
373,Derek,Lane,rachel94@example.org,476.955.1789x5083,4,2021-06-16
374,Daniel,Nolan,alanpineda@example.com,001-458-262-7694x91083,2,2023-10-10
375,Jane,Simpson,george08@example.net,(904)604-0956x390,1,2023-06-10
376,Christopher,Sullivan,larsonthomas@example.net,+1-923-553-3217x9005,3,2023-04-10
377,Michael,Fuentes,uguzman@example.net,592.702.5794x7781,3,2023-06-29
378,Jim,Sanchez,justinweber@example.net,001-382-987-4831x484,4,2021-11-17
379,Corey,Macias,chavezdavid@example.com,+1-930-461-4165x27517,4,2021-09-18
380,Maureen,Anderson,nathan74@example.com,001-402-937-6530,3,2023-10-29
381,Sandra,Baker,davismichael@example.net,770.782.2505,3,2024-11-01
382,James,Henderson,rachel94@example.com,296.249.2843,4,2022-05-28
383,Michael,Bennett,amandamurphy@example.net,352.308.2633,3,2023-10-19
384,Christopher,Zhang,shelbygarcia@example.net,001-256-585-2801,1,2022-04-18
385,Robert,Garcia,owolfe@example.org,001-963-912-1123,1,2023-10-26
386,Ann,Keller,jhill@example.org,(576)618-3477x69933,1,2024-09-13
387,Christopher,Houston,nielsensamuel@example.net,626.791.7609,4,2023-06-05
388,Dean,White,qpayne@example.net,(891)312-1941,1,2024-08-08
389,Kimberly,Cole,jamesstephanie@example.com,830.904.4175,1,2023-11-18
390,Carlos,Mcmahon,klane@example.org,457-771-5765x948,4,2024-10-12
391,Nicole,Dunn,daniel34@example.org,(465)797-7270x711,1,2023-10-05
392,Michael,Scott,sherri18@example.net,(482)231-1264x684,3,2024-05-07
393,Beth,Smith,alejandrobell@example.net,001-485-388-1550,3,2022-07-20
394,Carrie,Foster,allisonperry@example.org,(775)555-4157x2770,4,2021-10-25
395,Lisa,Henry,denise70@example.org,945-522-1797,4,2021-08-30
396,John,Mayer,floreschristine@example.net,577.616.2659,1,2024-01-28
397,Margaret,Fitzgerald,davistaylor@example.com,+1-292-439-7710x335,1,2023-02-07
398,David,Hart,patrick18@example.org,+1-420-623-2743x883,2,2024-01-02
399,Kenneth,Goodman,fhuynh@example.org,983.631.3995,3,2022-04-17
400,Margaret,Williams,ogibbs@example.net,001-885-429-5180x3998,2,2023-03-04
401,Lauren,Gonzales,staffordlaurie@example.org,(623)945-5329x553,3,2021-08-30
402,Eric,Richardson,rachelvasquez@example.com,(963)342-4473x805,4,2022-02-16
403,Michael,Carter,jamessnyder@example.com,374.948.1853,1,2023-05-19
404,Brittney,Hughes,kathrynmartin@example.net,(684)953-5963,1,2022-01-22
405,Jared,Boyd,brandonbennett@example.org,676-393-8275x45858,4,2022-01-05
406,Sandy,Dickson,quinnlisa@example.net,345-270-7154x86760,3,2021-03-24
407,Bobby,Robertson,zacharyconrad@example.org,547-842-9066x08474,3,2021-04-28
408,Tracy,Ellis,susanmorales@example.com,(706)475-2011,3,2023-05-20
409,Penny,David,perezmichael@example.org,(797)394-9944,4,2021-07-07
410,Scott,Brown,kingcraig@example.com,512-927-4180x44057,1,2022-02-20
411,Haley,Romero,rross@example.com,(892)439-0745x014,1,2024-09-12
412,Daniel,Smith,micheal29@example.net,9314000166,3,2024-08-19
413,Teresa,Perry,andrew67@example.net,868-815-7664,3,2023-03-17
414,Mark,Barnes,cynthia10@example.com,816-333-4819x7505,2,2021-02-23
415,Tiffany,Hensley,beasleykenneth@example.net,373-670-4850x3288,3,2023-11-19
416,Scott,Moore,brenda13@example.com,(822)220-0334x1591,4,2023-10-31
417,Catherine,Craig,erinhuang@example.org,662-391-2163x019,4,2022-08-08
418,Anthony,Moore,randygraves@example.com,(328)321-8452,1,2022-04-11
419,Clifford,Sanders,pmorgan@example.org,640-827-0599x614,4,2021-08-27
420,Penny,Baker,jessicaashley@example.net,(468)845-2353x8278,1,2021-04-09
421,Timothy,Hughes,nichole29@example.com,(483)848-1197x6418,2,2022-10-10
422,Emily,Williams,qflores@example.net,2949308436,1,2022-09-12
423,Sheila,Holt,kimberlysantiago@example.net,(750)844-0235x1166,3,2022-11-17
424,Julie,Wilson,qjohnson@example.com,332-482-0072,2,2024-04-03
425,Kirk,Davis,schmidtsamantha@example.org,(494)957-8686x7331,4,2024-01-29
426,Michael,Long,andersonthomas@example.net,(716)469-6889x409,3,2021-10-06
427,Henry,Wright,alison81@example.com,631-303-5415,3,2022-11-14
428,Samantha,Henderson,bhamilton@example.com,504-459-7332x2688,4,2024-03-04
429,Brent,Jones,schroederbrandon@example.com,+1-274-460-8813x4650,4,2023-04-06
430,Brenda,Walker,xlittle@example.org,308.496.7657x079,2,2024-03-13
431,Ryan,Hernandez,garciachristine@example.com,(461)548-1643,1,2022-05-04
432,Spencer,Pearson,erikrodgers@example.com,727.651.8181x1421,2,2022-12-12
433,Michael,Lee,christopher69@example.net,7766899470,2,2023-07-11
434,Kenneth,Combs,nicolemartinez@example.com,908.775.4642,1,2024-05-06
435,Linda,Austin,apotter@example.com,(256)989-3823x495,1,2021-10-13
436,Brian,West,amy65@example.org,+1-586-617-4712x10693,4,2022-08-30
437,Eric,Richards,rmahoney@example.com,824.569.4409x5371,3,2023-11-10
438,Kristi,Krueger,kimberlyjohnson@example.net,(612)602-6906,4,2022-11-22
439,Heather,Bowen,william35@example.com,898.964.3333x9901,2,2023-09-01
440,Morgan,Fisher,robertwilliams@example.org,+1-777-333-4724x61382,1,2022-09-28
441,Julia,Potter,robertserica@example.com,+1-441-290-4883x08395,2,2022-06-16
442,Anna,Michael,wsalazar@example.net,415.229.0799,3,2024-07-22
443,James,Chaney,derekdrake@example.com,714.258.4501,4,2021-08-10
444,Andrew,Perez,charlesdavis@example.net,939.386.6225x2221,3,2021-10-04
445,Victoria,Roman,steverodriguez@example.com,001-664-899-8101x798,1,2024-07-03
446,Elizabeth,Anderson,kristine85@example.net,001-331-456-6070x2110,1,2021-12-27
447,Julie,Sanford,shafferpatrick@example.net,857-434-9445,3,2021-03-23
448,Christopher,Henson,hwilson@example.net,(566)625-2416x072,2,2024-09-23
449,Angelica,Phillips,larrycruz@example.com,+1-692-452-3103x1204,2,2021-08-27
450,Valerie,Shelton,mhebert@example.net,001-463-897-4395x6209,4,2023-08-03
451,Deanna,Miller,ffrancis@example.net,001-591-827-6512x938,4,2022-07-24
452,Roberto,Adams,smithjason@example.org,621.207.0509x7860,2,2021-12-26
453,Patricia,Johnson,phillipssarah@example.org,766-695-6001x02366,4,2024-07-02
454,Hunter,Miller,hgraham@example.com,001-705-336-2277x4937,2,2021-10-19
455,Amanda,Howard,brussell@example.com,861-347-0138,3,2022-03-31
456,George,Fowler,jeffrey53@example.net,592.489.8077x5578,1,2021-11-30
457,Courtney,Savage,michele49@example.net,001-400-621-4414x7473,1,2023-05-16
458,Valerie,Patel,davisstephanie@example.org,315-824-2172x79451,3,2024-07-02
459,Adriana,Parrish,chadnguyen@example.net,+1-304-588-7503x818,1,2022-03-18
460,Lori,Pearson,alicia27@example.com,993-284-5666,4,2023-06-05
461,William,Johnson,lmahoney@example.org,+1-981-860-3255x9280,4,2023-03-17
462,Kyle,Chandler,kathleen09@example.net,001-418-545-4277x253,2,2022-12-14
463,Patrick,Powell,stephaniemartinez@example.com,(257)445-1201,4,2023-07-03
464,Daniel,Morrison,mary34@example.com,+1-862-262-9339,4,2023-05-12
465,Vicki,Hughes,carrietaylor@example.com,481.536.8394,1,2023-12-22
466,Wendy,Mccarthy,eric08@example.net,918-668-2518,2,2023-11-16
467,John,Patel,millsbradley@example.net,6075545010,4,2024-05-05
468,Michael,Shannon,hday@example.com,+1-777-228-7730x573,2,2022-12-22
469,Sherry,Collins,jmayer@example.org,934-920-5815x993,4,2021-05-19
470,Kelly,Aguilar,lisalawson@example.com,001-790-541-5065,2,2024-01-18
471,Paula,Parrish,jackiejones@example.org,001-252-730-4660,1,2023-02-20
472,Joseph,Harris,murphybrian@example.org,4653253594,1,2023-12-27
473,Yesenia,Gonzalez,benjaminlee@example.org,345-773-7255x4545,1,2021-02-16
474,Brent,Smith,sanfordjames@example.net,225-915-4342,2,2022-07-30
475,Christopher,Peterson,rkim@example.net,+1-463-696-9844x986,3,2021-12-14
476,Robert,Rangel,sullivankari@example.net,(223)878-2899x26513,2,2024-01-08
477,Erik,Lewis,ballen@example.org,(900)531-2735,4,2023-06-14
478,Christopher,Perez,scotthouston@example.com,368.273.5145x804,1,2022-07-23
479,Leroy,Kelly,yhenderson@example.net,+1-343-859-2871x0948,2,2023-07-07
480,Sean,Golden,djohnson@example.org,(638)875-7098,1,2021-12-01
481,Amber,Chapman,christopherharrington@example.org,323.749.5223,4,2024-12-27
482,Richard,Moore,fmoore@example.org,001-235-892-9520x4579,2,2023-01-06
483,Gary,Charles,timothyheath@example.com,+1-250-651-1255x8894,3,2025-01-01
484,Stephen,Moran,probinson@example.net,001-887-457-1332,1,2024-06-06
485,Laura,Cortez,joseromero@example.com,203.341.5089x1479,3,2022-06-23
486,Jessica,Jones,taylorrebecca@example.org,+1-775-952-5628x5302,1,2024-11-13
487,Jill,Harris,vernonharris@example.org,(972)711-9701x425,4,2022-08-04
488,Ashley,Reynolds,ryanmark@example.net,(267)765-3302,4,2022-08-10
489,Craig,Erickson,ginalowe@example.com,(776)647-0811,2,2021-10-24
490,Deborah,Cruz,jacobmartin@example.net,(835)888-5326x9611,2,2023-06-25
491,Samantha,Weaver,fwatson@example.com,001-611-743-8123x38085,1,2022-05-16
492,Matthew,Ortega,jonathan76@example.com,6117265593,1,2024-08-25
493,Laura,Miller,alvindavis@example.org,820.997.7391,1,2021-08-18
494,Hector,Reeves,ajackson@example.org,683-877-6677x373,2,2022-03-13
495,Justin,Barr,johnking@example.net,+1-577-643-7620x281,1,2022-08-23
496,Kathryn,Francis,kjohnson@example.net,001-206-450-9767x8585,4,2023-08-05
497,Brianna,Raymond,jenniferbell@example.net,3997125772,2,2022-08-27
498,Mark,Rogers,karen41@example.net,+1-442-218-5601x50407,4,2024-12-25
499,Richard,Simon,pthompson@example.net,417-208-2499x4357,3,2023-12-16
500,Ryan,Armstrong,carneykyle@example.com,(721)852-8868x9691,2,2021-02-01
